numero,variable,region,model,langue,surprisal
12,CMPsg,1,BERT,italien,16.353745422417273
12,CMPsg,2,BERT,italien,16.589445004682027
12,CMPsg,3,BERT,italien,14.643386167895514
12,CMPsg,4,BERT,italien,0.17701681301939004
12,CMPsg,5,BERT,italien,6.15800988343436
12,CMPsg,6,BERT,italien,10.01193079029503
12,CMPsg,7,BERT,italien,18.177029451278877
12,CMPsg,8,BERT,italien,0.15979709391272087
1,CMPsg,1,BERT,italien,13.582260648101949
1,CMPsg,2,BERT,italien,5.940915023886168
1,CMPsg,3,BERT,italien,20.04828396838402
1,CMPsg,4,BERT,italien,0.22064663592139008
1,CMPsg,5,BERT,italien,11.769145884398192
1,CMPsg,6,BERT,italien,13.561751806215995
1,CMPsg,7,BERT,italien,18.13667718602992
1,CMPsg,8,BERT,italien,0.16736287680575537
1,CMPpl,1,BERT,italien,13.6874614145495
1,CMPpl,2,BERT,italien,5.823825785403153
1,CMPpl,3,BERT,italien,18.426856964129787
1,CMPpl,4,BERT,italien,0.200542575437355
1,CMPpl,5,BERT,italien,11.367859878427018
1,CMPpl,6,BERT,italien,13.725543925233849
1,CMPpl,7,BERT,italien,18.3330919846609
1,CMPpl,8,BERT,italien,0.1756842924868028
1,ORCsg,1,BERT,italien,13.448745284717662
1,ORCsg,2,BERT,italien,14.475217393927409
1,ORCsg,3,BERT,italien,19.051468431989782
1,ORCsg,4,BERT,italien,1.549611683338647
1,ORCsg,5,BERT,italien,9.773026950755382
1,ORCsg,6,BERT,italien,14.093437538740783
1,ORCsg,7,BERT,italien,18.64056851856468
1,ORCsg,8,BERT,italien,0.22630147497621234
1,ORCpl,1,BERT,italien,13.666785401416256
1,ORCpl,2,BERT,italien,13.741416858360152
1,ORCpl,3,BERT,italien,15.26339306863656
1,ORCpl,4,BERT,italien,2.00599278215149
1,ORCpl,5,BERT,italien,9.69927445820179
1,ORCpl,6,BERT,italien,14.94056938472617
1,ORCpl,7,BERT,italien,18.70427043523034
1,ORCpl,8,BERT,italien,0.24461065058003664
2,CMPsg,1,BERT,italien,14.116265815713817
2,CMPsg,2,BERT,italien,2.8153156071127032
2,CMPsg,3,BERT,italien,8.318419704600746
2,CMPsg,4,BERT,italien,0.13461229012735498
2,CMPsg,5,BERT,italien,12.299508635070369
2,CMPsg,6,BERT,italien,16.143193424472237
2,CMPsg,7,BERT,italien,15.420242243027166
2,CMPsg,8,BERT,italien,0.24340265353635873
2,CMPpl,1,BERT,italien,15.073598849702634
2,CMPpl,2,BERT,italien,2.985880236905994
2,CMPpl,3,BERT,italien,4.6211369663861
2,CMPpl,4,BERT,italien,0.14542624158751163
2,CMPpl,5,BERT,italien,14.311203639024765
2,CMPpl,6,BERT,italien,16.676579730059185
2,CMPpl,7,BERT,italien,14.76632459508131
2,CMPpl,8,BERT,italien,0.20565840727663998
2,ORCsg,1,BERT,italien,11.506504265947472
2,ORCsg,2,BERT,italien,13.770143659681578
2,ORCsg,3,BERT,italien,7.408597500109057
2,ORCsg,4,BERT,italien,1.0729068425175785
2,ORCsg,5,BERT,italien,6.1845510308324325
2,ORCsg,6,BERT,italien,13.73609399145962
2,ORCsg,7,BERT,italien,20.403291676496757
2,ORCsg,8,BERT,italien,0.40358762038134616
2,ORCpl,1,BERT,italien,13.738970670735725
2,ORCpl,2,BERT,italien,14.907010483246266
2,ORCpl,3,BERT,italien,6.641449264574359
2,ORCpl,4,BERT,italien,0.7167026195537324
2,ORCpl,5,BERT,italien,8.84329565539208
2,ORCpl,6,BERT,italien,17.54941660610808
2,ORCpl,7,BERT,italien,22.70235014038654
2,ORCpl,8,BERT,italien,0.46424123193497685
3,CMPsg,1,BERT,italien,11.200031791026943
3,CMPsg,2,BERT,italien,13.60771219129973
3,CMPsg,3,BERT,italien,14.104992634665894
3,CMPsg,4,BERT,italien,0.16861688193956914
3,CMPsg,5,BERT,italien,11.442905861698573
3,CMPsg,6,BERT,italien,17.691754861337323
3,CMPsg,7,BERT,italien,12.72011174972516
3,CMPsg,8,BERT,italien,0.2036159376956712
3,CMPpl,1,BERT,italien,10.823831265071087
3,CMPpl,2,BERT,italien,14.22443432514629
3,CMPpl,3,BERT,italien,15.813628798452266
3,CMPpl,4,BERT,italien,0.1357497050288417
3,CMPpl,5,BERT,italien,11.138555426265688
3,CMPpl,6,BERT,italien,17.3710526941491
3,CMPpl,7,BERT,italien,12.711101125499907
3,CMPpl,8,BERT,italien,0.16740082876070284
3,ORCsg,1,BERT,italien,13.559661794747186
3,ORCsg,2,BERT,italien,8.885786323405775
3,ORCsg,3,BERT,italien,15.74744875501564
3,ORCsg,4,BERT,italien,1.6653921304066592
3,ORCsg,5,BERT,italien,9.96281888560805
3,ORCsg,6,BERT,italien,15.42663757526575
3,ORCsg,7,BERT,italien,20.313229348426777
3,ORCsg,8,BERT,italien,0.25118997511336694
3,ORCpl,1,BERT,italien,12.40398909556702
3,ORCpl,2,BERT,italien,9.428050779029952
3,ORCpl,3,BERT,italien,14.580737618792837
3,ORCpl,4,BERT,italien,0.5995173873511922
3,ORCpl,5,BERT,italien,10.359155905828286
3,ORCpl,6,BERT,italien,14.905087281142979
3,ORCpl,7,BERT,italien,16.41258195811281
3,ORCpl,8,BERT,italien,0.18746757928995594
4,CMPsg,1,BERT,italien,16.26245225883893
4,CMPsg,2,BERT,italien,10.95675689318159
4,CMPsg,3,BERT,italien,5.005960315192805
4,CMPsg,4,BERT,italien,1.3988510577825142
4,CMPsg,5,BERT,italien,14.433395083610762
4,CMPsg,6,BERT,italien,17.06227858134028
4,CMPsg,7,BERT,italien,17.255337356731324
4,CMPsg,8,BERT,italien,0.25714496182927776
4,CMPpl,1,BERT,italien,14.981892549516814
4,CMPpl,2,BERT,italien,10.248041058707994
4,CMPpl,3,BERT,italien,5.154281311005263
4,CMPpl,4,BERT,italien,3.0189178431224044
4,CMPpl,5,BERT,italien,14.958188305531884
4,CMPpl,6,BERT,italien,17.179332920779107
4,CMPpl,7,BERT,italien,17.49149021020907
4,CMPpl,8,BERT,italien,0.31031430624720757
4,ORCsg,1,BERT,italien,16.283651812537226
4,ORCsg,2,BERT,italien,15.862340730914532
4,ORCsg,3,BERT,italien,5.224828805860777
4,ORCsg,4,BERT,italien,3.80642816880192
4,ORCsg,5,BERT,italien,14.56384662942595
4,ORCsg,6,BERT,italien,12.08841033601812
4,ORCsg,7,BERT,italien,15.533258594040849
4,ORCsg,8,BERT,italien,0.24433977656059477
4,ORCpl,1,BERT,italien,15.473105611677516
4,ORCpl,2,BERT,italien,14.841940009852092
4,ORCpl,3,BERT,italien,5.9452057571280825
4,ORCpl,4,BERT,italien,5.005535289936231
4,ORCpl,5,BERT,italien,15.22323576973441
4,ORCpl,6,BERT,italien,12.633482743512575
4,ORCpl,7,BERT,italien,15.669130295040844
4,ORCpl,8,BERT,italien,0.3065171900302747
5,CMPsg,1,BERT,italien,13.394441810961919
5,CMPsg,2,BERT,italien,3.440528496936605
5,CMPsg,3,BERT,italien,11.576425609115269
5,CMPsg,4,BERT,italien,0.1560622767829227
5,CMPsg,5,BERT,italien,13.30878661252681
5,CMPsg,6,BERT,italien,15.819747991243274
5,CMPsg,7,BERT,italien,18.463961404042905
5,CMPsg,8,BERT,italien,0.35088473948370447
5,CMPpl,1,BERT,italien,12.756999376372907
5,CMPpl,2,BERT,italien,4.033477298019497
5,CMPpl,3,BERT,italien,14.735603790532238
5,CMPpl,4,BERT,italien,0.12378172234167997
5,CMPpl,5,BERT,italien,13.301128451414247
5,CMPpl,6,BERT,italien,16.127945818737295
5,CMPpl,7,BERT,italien,18.456237365760465
5,CMPpl,8,BERT,italien,0.3440284681086641
5,ORCsg,1,BERT,italien,8.703766836922096
5,ORCsg,2,BERT,italien,13.249915001964823
5,ORCsg,3,BERT,italien,13.987453033556017
5,ORCsg,4,BERT,italien,0.5623672863414868
5,ORCsg,5,BERT,italien,13.939515976806584
5,ORCsg,6,BERT,italien,11.240732296965891
5,ORCsg,7,BERT,italien,18.168113216701343
5,ORCsg,8,BERT,italien,0.3130092686347114
5,ORCpl,1,BERT,italien,8.44358153534791
5,ORCpl,2,BERT,italien,13.910965971793354
5,ORCpl,3,BERT,italien,15.902379810258253
5,ORCpl,4,BERT,italien,0.3409060564384204
5,ORCpl,5,BERT,italien,14.184089544841223
5,ORCpl,6,BERT,italien,11.025990905846133
5,ORCpl,7,BERT,italien,18.222343951706897
5,ORCpl,8,BERT,italien,0.32022720061595294
6,CMPsg,1,BERT,italien,10.484724259957286
6,CMPsg,2,BERT,italien,14.62536284034964
6,CMPsg,3,BERT,italien,11.88970531808901
6,CMPsg,4,BERT,italien,0.3939016290368337
6,CMPsg,5,BERT,italien,13.047865047711348
6,CMPsg,6,BERT,italien,15.59822361826721
6,CMPsg,7,BERT,italien,19.320445162965076
6,CMPsg,8,BERT,italien,0.21979306820058414
6,CMPpl,1,BERT,italien,10.05048458742421
6,CMPpl,2,BERT,italien,14.863958882107571
6,CMPpl,3,BERT,italien,15.745137461821573
6,CMPpl,4,BERT,italien,0.0706510103271134
6,CMPpl,5,BERT,italien,13.168975990907285
6,CMPpl,6,BERT,italien,16.158081939598667
6,CMPpl,7,BERT,italien,19.44084747041592
6,CMPpl,8,BERT,italien,0.21236860413241362
6,ORCsg,1,BERT,italien,10.891789513018933
6,ORCsg,2,BERT,italien,11.302613901368609
6,ORCsg,3,BERT,italien,7.618280817328424
6,ORCsg,4,BERT,italien,1.728508760537783
6,ORCsg,5,BERT,italien,13.704485095783228
6,ORCsg,6,BERT,italien,15.38925696153885
6,ORCsg,7,BERT,italien,17.66563163739711
6,ORCsg,8,BERT,italien,0.13864024362718314
6,ORCpl,1,BERT,italien,10.215968188453038
6,ORCpl,2,BERT,italien,9.834164958041903
6,ORCpl,3,BERT,italien,10.696403872860559
6,ORCpl,4,BERT,italien,1.8002891690015865
6,ORCpl,5,BERT,italien,13.581411691630134
6,ORCpl,6,BERT,italien,16.472927054077115
6,ORCpl,7,BERT,italien,17.424171227449452
6,ORCpl,8,BERT,italien,0.12501724571564538
7,CMPsg,1,BERT,italien,12.9300012730114
7,CMPsg,2,BERT,italien,9.088908052533702
7,CMPsg,3,BERT,italien,11.524018378837825
7,CMPsg,4,BERT,italien,0.32099182423951184
7,CMPsg,5,BERT,italien,10.518901115248848
7,CMPsg,6,BERT,italien,7.40116146702461
7,CMPsg,7,BERT,italien,10.170896686606033
7,CMPsg,8,BERT,italien,0.14019491257412792
7,CMPpl,1,BERT,italien,15.042265499913446
7,CMPpl,2,BERT,italien,9.580419087468057
7,CMPpl,3,BERT,italien,14.965527272766618
7,CMPpl,4,BERT,italien,0.5153585119129693
7,CMPpl,5,BERT,italien,9.778289724824456
7,CMPpl,6,BERT,italien,8.02340633581552
7,CMPpl,7,BERT,italien,10.410402110385949
7,CMPpl,8,BERT,italien,0.13030516281613114
7,ORCsg,1,BERT,italien,13.367362390869701
7,ORCsg,2,BERT,italien,11.543300425055497
7,ORCsg,3,BERT,italien,8.288226755121846
7,ORCsg,4,BERT,italien,0.013615766251027723
7,ORCsg,5,BERT,italien,18.646860175843212
7,ORCsg,6,BERT,italien,17.14262916227388
7,ORCsg,7,BERT,italien,10.11235163211758
7,ORCsg,8,BERT,italien,0.08802292546565078
7,ORCpl,1,BERT,italien,12.14289308380288
7,ORCpl,2,BERT,italien,9.4258926188089
7,ORCpl,3,BERT,italien,2.2693133432903183
7,ORCpl,4,BERT,italien,0.10923633555695629
7,ORCpl,5,BERT,italien,18.6391235867334
7,ORCpl,6,BERT,italien,15.761366831129777
7,ORCpl,7,BERT,italien,10.23930299272425
7,ORCpl,8,BERT,italien,0.0720593168984888
8,CMPsg,1,BERT,italien,17.785754853323834
8,CMPsg,2,BERT,italien,5.7788018781493395
8,CMPsg,3,BERT,italien,16.40594197823798
8,CMPsg,4,BERT,italien,0.10183300327909135
8,CMPsg,5,BERT,italien,13.723672088139423
8,CMPsg,6,BERT,italien,13.541228695673661
8,CMPsg,7,BERT,italien,3.862268820452766
8,CMPsg,8,BERT,italien,0.14796614173747008
8,CMPpl,1,BERT,italien,17.984498851845476
8,CMPpl,2,BERT,italien,5.4868467437231
8,CMPpl,3,BERT,italien,14.487750463202051
8,CMPpl,4,BERT,italien,0.10952251359264753
8,CMPpl,5,BERT,italien,14.588954318017635
8,CMPpl,6,BERT,italien,13.147605746548088
8,CMPpl,7,BERT,italien,3.855977729945356
8,CMPpl,8,BERT,italien,0.12030056344089982
8,ORCsg,1,BERT,italien,12.685474146539317
8,ORCsg,2,BERT,italien,21.901382822676215
8,ORCsg,3,BERT,italien,12.331972996881435
8,ORCsg,4,BERT,italien,3.8908517948126375
8,ORCsg,5,BERT,italien,16.25205894858434
8,ORCsg,6,BERT,italien,15.98024029715116
8,ORCsg,7,BERT,italien,6.681967959009545
8,ORCsg,8,BERT,italien,0.21427954988219092
8,ORCpl,1,BERT,italien,14.537892812602388
8,ORCpl,2,BERT,italien,14.214592932078006
8,ORCpl,3,BERT,italien,17.532087284681438
8,ORCpl,4,BERT,italien,4.900036336586606
8,ORCpl,5,BERT,italien,17.3887771485752
8,ORCpl,6,BERT,italien,15.741790974942106
8,ORCpl,7,BERT,italien,6.919557670124014
8,ORCpl,8,BERT,italien,0.18197336905692674
9,CMPsg,1,BERT,italien,14.899314725144759
9,CMPsg,2,BERT,italien,4.0403883569515955
9,CMPsg,3,BERT,italien,11.663518501724624
9,CMPsg,4,BERT,italien,0.09941525386765411
9,CMPsg,5,BERT,italien,14.914428345459076
9,CMPsg,6,BERT,italien,22.82508208708941
9,CMPsg,7,BERT,italien,11.270862966516649
9,CMPsg,8,BERT,italien,0.12332465659531847
9,CMPpl,1,BERT,italien,15.821319194315036
9,CMPpl,2,BERT,italien,3.7246559456667545
9,CMPpl,3,BERT,italien,15.9111410925158
9,CMPpl,4,BERT,italien,0.04607116407193749
9,CMPpl,5,BERT,italien,14.847725990525314
9,CMPpl,6,BERT,italien,23.179676981150685
9,CMPpl,7,BERT,italien,11.76291552506812
9,CMPpl,8,BERT,italien,0.10589749181440912
9,ORCsg,1,BERT,italien,14.309160100655006
9,ORCsg,2,BERT,italien,5.7143432339932785
9,ORCsg,3,BERT,italien,12.316861985733068
9,ORCsg,4,BERT,italien,3.2746107532964843
9,ORCsg,5,BERT,italien,15.24352277655305
9,ORCsg,6,BERT,italien,10.30916276420907
9,ORCsg,7,BERT,italien,0.7489249108213486
9,ORCsg,8,BERT,italien,0.17504999705091556
9,ORCpl,1,BERT,italien,16.599583708970933
9,ORCpl,2,BERT,italien,6.856350387432154
9,ORCpl,3,BERT,italien,15.21096263345134
9,ORCpl,4,BERT,italien,3.2147541893023805
9,ORCpl,5,BERT,italien,16.3372469941007
9,ORCpl,6,BERT,italien,16.773147892709467
9,ORCpl,7,BERT,italien,0.7761196643769595
9,ORCpl,8,BERT,italien,0.13219849240292264
10,CMPsg,1,BERT,italien,19.63717808355933
10,CMPsg,2,BERT,italien,11.877091928590584
10,CMPsg,3,BERT,italien,14.151806798158406
10,CMPsg,4,BERT,italien,0.8934876971279788
10,CMPsg,5,BERT,italien,16.165657518144478
10,CMPsg,6,BERT,italien,6.523239212970962
10,CMPsg,7,BERT,italien,9.859262732962296
10,CMPsg,8,BERT,italien,0.30611971945645844
10,CMPpl,1,BERT,italien,18.932368533983933
10,CMPpl,2,BERT,italien,11.887523903480162
10,CMPpl,3,BERT,italien,15.311674125545217
10,CMPpl,4,BERT,italien,0.808621592734314
10,CMPpl,5,BERT,italien,16.498392019519365
10,CMPpl,6,BERT,italien,6.4209132541384175
10,CMPpl,7,BERT,italien,10.542677366241922
10,CMPpl,8,BERT,italien,0.33487772989076736
10,ORCsg,1,BERT,italien,21.749020291805103
10,ORCsg,2,BERT,italien,15.970230025270542
10,ORCsg,3,BERT,italien,12.969276967514825
10,ORCsg,4,BERT,italien,9.097354396719053
10,ORCsg,5,BERT,italien,15.870871559514741
10,ORCsg,6,BERT,italien,9.241833320613312
10,ORCsg,7,BERT,italien,6.807764234331412
10,ORCsg,8,BERT,italien,0.08165618128468838
10,ORCpl,1,BERT,italien,20.473524282218698
10,ORCpl,2,BERT,italien,15.28427643789044
10,ORCpl,3,BERT,italien,15.491398574793878
10,ORCpl,4,BERT,italien,10.994993682206387
10,ORCpl,5,BERT,italien,15.329191634232567
10,ORCpl,6,BERT,italien,9.562146607537773
10,ORCpl,7,BERT,italien,6.758825351527384
10,ORCpl,8,BERT,italien,0.15157190183695157
11,CMPsg,1,BERT,italien,13.29496556223685
11,CMPsg,2,BERT,italien,5.067228904657145
11,CMPsg,3,BERT,italien,5.847208426820519
11,CMPsg,4,BERT,italien,0.20778709349676075
11,CMPsg,5,BERT,italien,19.849017537369104
11,CMPsg,6,BERT,italien,16.780716687416756
11,CMPsg,7,BERT,italien,19.450933462484183
11,CMPsg,8,BERT,italien,0.09477681067321916
11,CMPpl,1,BERT,italien,12.64418665466254
11,CMPpl,2,BERT,italien,4.150584972005427
11,CMPpl,3,BERT,italien,6.697412111434852
11,CMPpl,4,BERT,italien,0.18344490369586366
11,CMPpl,5,BERT,italien,19.555947132674916
11,CMPpl,6,BERT,italien,16.381835212564038
11,CMPpl,7,BERT,italien,18.781140739797173
11,CMPpl,8,BERT,italien,0.11218209095003322
11,ORCsg,1,BERT,italien,12.778153456581501
11,ORCsg,2,BERT,italien,9.061702906891902
11,ORCsg,3,BERT,italien,4.082158308964375
11,ORCsg,4,BERT,italien,0.6353953488674906
11,ORCsg,5,BERT,italien,16.140625408892177
11,ORCsg,6,BERT,italien,14.110800014265603
11,ORCsg,7,BERT,italien,20.277266249442473
11,ORCsg,8,BERT,italien,0.16781131445533082
11,ORCpl,1,BERT,italien,12.433378478067011
11,ORCpl,2,BERT,italien,8.446247680227366
11,ORCpl,3,BERT,italien,4.497652064382405
11,ORCpl,4,BERT,italien,0.504188757415855
11,ORCpl,5,BERT,italien,16.827535713169485
11,ORCpl,6,BERT,italien,13.793900193300463
11,ORCpl,7,BERT,italien,19.406127247674974
11,ORCpl,8,BERT,italien,0.16618435238775453
12,CMPpl,1,BERT,italien,15.304047692633555
12,CMPpl,2,BERT,italien,25.28209174497377
12,CMPpl,3,BERT,italien,5.617448398103421
12,CMPpl,4,BERT,italien,0.08099313451343217
12,CMPpl,5,BERT,italien,6.473965647378958
12,CMPpl,6,BERT,italien,10.697822271493173
12,CMPpl,7,BERT,italien,18.22227513393627
12,CMPpl,8,BERT,italien,0.12640531921400755
12,ORCsg,1,BERT,italien,12.994386414909075
12,ORCsg,2,BERT,italien,21.74962379494105
12,ORCsg,3,BERT,italien,12.148873863808598
12,ORCsg,4,BERT,italien,0.37174026089279577
12,ORCsg,5,BERT,italien,4.150599767148237
12,ORCsg,6,BERT,italien,12.448611376902777
12,ORCsg,7,BERT,italien,19.94669917182499
12,ORCsg,8,BERT,italien,0.09385228550252268
12,ORCpl,1,BERT,italien,13.035831109958796
12,ORCpl,2,BERT,italien,27.004782759370983
12,ORCpl,3,BERT,italien,5.200225808524111
12,ORCpl,4,BERT,italien,0.3602756539182861
12,ORCpl,5,BERT,italien,4.142184687052419
12,ORCpl,6,BERT,italien,10.253835276454222
12,ORCpl,7,BERT,italien,19.78195816796162
12,ORCpl,8,BERT,italien,0.08651595760264971
13,CMPsg,1,BERT,italien,17.645381762031512
13,CMPsg,2,BERT,italien,5.001963916136734
13,CMPsg,3,BERT,italien,9.857927074199733
13,CMPsg,4,BERT,italien,0.18048998295251822
13,CMPsg,5,BERT,italien,11.203598113129432
13,CMPsg,6,BERT,italien,17.411927737977344
13,CMPsg,7,BERT,italien,17.492104486998517
13,CMPsg,8,BERT,italien,0.17418358384553614
13,CMPpl,1,BERT,italien,18.991192876071427
13,CMPpl,2,BERT,italien,3.5319735133486585
13,CMPpl,3,BERT,italien,13.654199676118422
13,CMPpl,4,BERT,italien,0.11452173314611203
13,CMPpl,5,BERT,italien,11.220908286772927
13,CMPpl,6,BERT,italien,17.91654112432422
13,CMPpl,7,BERT,italien,18.059680756582754
13,CMPpl,8,BERT,italien,0.1682701342109857
13,ORCsg,1,BERT,italien,15.927390103995373
13,ORCsg,2,BERT,italien,6.227603263780286
13,ORCsg,3,BERT,italien,7.995068066032261
13,ORCsg,4,BERT,italien,1.403209341644949
13,ORCsg,5,BERT,italien,6.87224145622567
13,ORCsg,6,BERT,italien,18.338489679859915
13,ORCsg,7,BERT,italien,14.409567368878621
13,ORCsg,8,BERT,italien,0.14711250452675928
13,ORCpl,1,BERT,italien,16.020870445450846
13,ORCpl,2,BERT,italien,7.529813809266339
13,ORCpl,3,BERT,italien,13.43478179817842
13,ORCpl,4,BERT,italien,1.8473640632282382
13,ORCpl,5,BERT,italien,7.458937306953509
13,ORCpl,6,BERT,italien,17.944967020390706
13,ORCpl,7,BERT,italien,14.744423891796226
13,ORCpl,8,BERT,italien,0.14354720969175463
14,CMPsg,1,BERT,italien,15.737199738881015
14,CMPsg,2,BERT,italien,7.6824547575861075
14,CMPsg,3,BERT,italien,13.838041328005975
14,CMPsg,4,BERT,italien,0.11559366153965953
14,CMPsg,5,BERT,italien,16.829523230867196
14,CMPsg,6,BERT,italien,9.717428338933756
14,CMPsg,7,BERT,italien,9.016019275433026
14,CMPsg,8,BERT,italien,0.1593037961727675
14,CMPpl,1,BERT,italien,15.822070015140895
14,CMPpl,2,BERT,italien,6.413681995739518
14,CMPpl,3,BERT,italien,10.45947567911547
14,CMPpl,4,BERT,italien,0.05891109881904249
14,CMPpl,5,BERT,italien,18.089315461109077
14,CMPpl,6,BERT,italien,9.623230474662863
14,CMPpl,7,BERT,italien,9.649865540286763
14,CMPpl,8,BERT,italien,0.17407637385252075
14,ORCsg,1,BERT,italien,15.60178538802835
14,ORCsg,2,BERT,italien,9.38766071767538
14,ORCsg,3,BERT,italien,11.59311498262078
14,ORCsg,4,BERT,italien,2.198972662707912
14,ORCsg,5,BERT,italien,18.672159852060553
14,ORCsg,6,BERT,italien,21.83557561628548
14,ORCsg,7,BERT,italien,11.010373361710815
14,ORCsg,8,BERT,italien,0.1777676204615861
14,ORCpl,1,BERT,italien,16.40587510022057
14,ORCpl,2,BERT,italien,9.489091112698565
14,ORCpl,3,BERT,italien,12.018006876378221
14,ORCpl,4,BERT,italien,1.0477017620546334
14,ORCpl,5,BERT,italien,20.092735860575083
14,ORCpl,6,BERT,italien,23.038313980431532
14,ORCpl,7,BERT,italien,11.440486602623189
14,ORCpl,8,BERT,italien,0.2523226721107543
15,CMPsg,1,BERT,italien,13.823717261823397
15,CMPsg,2,BERT,italien,4.14484836572008
15,CMPsg,3,BERT,italien,16.372226015548186
15,CMPsg,4,BERT,italien,0.1172060335534897
15,CMPsg,5,BERT,italien,12.066814264725947
15,CMPsg,6,BERT,italien,13.370030126336546
15,CMPsg,7,BERT,italien,17.5172736396307
15,CMPsg,8,BERT,italien,0.08002031390737303
15,CMPpl,1,BERT,italien,13.919890339227292
15,CMPpl,2,BERT,italien,5.6396786638262375
15,CMPpl,3,BERT,italien,16.940483070389355
15,CMPpl,4,BERT,italien,0.08133599208724504
15,CMPpl,5,BERT,italien,12.702317958900473
15,CMPpl,6,BERT,italien,13.22914922257981
15,CMPpl,7,BERT,italien,17.305683669865715
15,CMPpl,8,BERT,italien,0.07307146833936695
15,ORCsg,1,BERT,italien,14.170339582188946
15,ORCsg,2,BERT,italien,14.60639364363584
15,ORCsg,3,BERT,italien,15.8629679108095
15,ORCsg,4,BERT,italien,1.155343746492664
15,ORCsg,5,BERT,italien,12.247251967919341
15,ORCsg,6,BERT,italien,15.966480712396738
15,ORCsg,7,BERT,italien,13.678177299930756
15,ORCsg,8,BERT,italien,0.13541463920621713
15,ORCpl,1,BERT,italien,17.20537313411474
15,ORCpl,2,BERT,italien,15.973073738343414
15,ORCpl,3,BERT,italien,14.584087159655969
15,ORCpl,4,BERT,italien,0.5371087397339646
15,ORCpl,5,BERT,italien,12.956481193850845
15,ORCpl,6,BERT,italien,16.95446895014636
15,ORCpl,7,BERT,italien,12.87206753139698
15,ORCpl,8,BERT,italien,0.11874327197320533
16,CMPsg,1,BERT,italien,16.7008670400699
16,CMPsg,2,BERT,italien,4.728161290683697
16,CMPsg,3,BERT,italien,16.647424568775538
16,CMPsg,4,BERT,italien,0.4191941107252784
16,CMPsg,5,BERT,italien,8.054384439572415
16,CMPsg,6,BERT,italien,6.448017332872829
16,CMPsg,7,BERT,italien,9.225925498320327
16,CMPsg,8,BERT,italien,0.12002251924054586
16,CMPpl,1,BERT,italien,14.128123331199602
16,CMPpl,2,BERT,italien,4.5672469611851705
16,CMPpl,3,BERT,italien,8.800163983762493
16,CMPpl,4,BERT,italien,0.21460181273089957
16,CMPpl,5,BERT,italien,8.48996991204184
16,CMPpl,6,BERT,italien,5.769774581265553
16,CMPpl,7,BERT,italien,9.645893100826354
16,CMPpl,8,BERT,italien,0.14183085626071532
16,ORCsg,1,BERT,italien,15.223862790784716
16,ORCsg,2,BERT,italien,4.483781307247084
16,ORCsg,3,BERT,italien,15.356761649149625
16,ORCsg,4,BERT,italien,3.63225572961309
16,ORCsg,5,BERT,italien,8.841853388069238
16,ORCsg,6,BERT,italien,9.645157830915526
16,ORCsg,7,BERT,italien,7.8014474978366035
16,ORCsg,8,BERT,italien,0.1042373411028311
16,ORCpl,1,BERT,italien,14.89626510097636
16,ORCpl,2,BERT,italien,4.731341644569555
16,ORCpl,3,BERT,italien,5.23264648015111
16,ORCpl,4,BERT,italien,2.856872954937299
16,ORCpl,5,BERT,italien,8.451388310527358
16,ORCpl,6,BERT,italien,9.950176538168893
16,ORCpl,7,BERT,italien,9.501403723079557
16,ORCpl,8,BERT,italien,0.1361018583366907
17,CMPsg,1,BERT,italien,13.577690471633963
17,CMPsg,2,BERT,italien,11.004201887860802
17,CMPsg,3,BERT,italien,19.073236112948738
17,CMPsg,4,BERT,italien,0.26625165826656066
17,CMPsg,5,BERT,italien,8.54763821520146
17,CMPsg,6,BERT,italien,15.825293862618471
17,CMPsg,7,BERT,italien,12.246197797995604
17,CMPsg,8,BERT,italien,0.2513096224071018
17,CMPpl,1,BERT,italien,13.797625487540934
17,CMPpl,2,BERT,italien,7.7995477994726645
17,CMPpl,3,BERT,italien,15.076357146686066
17,CMPpl,4,BERT,italien,0.10292703291621888
17,CMPpl,5,BERT,italien,9.920983725930428
17,CMPpl,6,BERT,italien,15.464862171554428
17,CMPpl,7,BERT,italien,11.982106051132256
17,CMPpl,8,BERT,italien,0.20790349267714137
17,ORCsg,1,BERT,italien,14.458361799603688
17,ORCsg,2,BERT,italien,13.58569167642367
17,ORCsg,3,BERT,italien,18.358993996068186
17,ORCsg,4,BERT,italien,1.5764913905449005
17,ORCsg,5,BERT,italien,9.968255727236233
17,ORCsg,6,BERT,italien,13.303903209052661
17,ORCsg,7,BERT,italien,11.577134488258723
17,ORCsg,8,BERT,italien,0.14443637708025384
17,ORCpl,1,BERT,italien,16.888371751057466
17,ORCpl,2,BERT,italien,7.817415908630865
17,ORCpl,3,BERT,italien,15.31811821074805
17,ORCpl,4,BERT,italien,0.8174739488255212
17,ORCpl,5,BERT,italien,9.185323272727837
17,ORCpl,6,BERT,italien,13.248494861389101
17,ORCpl,7,BERT,italien,11.453973402984863
17,ORCpl,8,BERT,italien,0.11109634737416918
18,CMPsg,1,BERT,italien,12.32023299820287
18,CMPsg,2,BERT,italien,4.993698578830906
18,CMPsg,3,BERT,italien,9.471151871058657
18,CMPsg,4,BERT,italien,0.10674726601806905
18,CMPsg,5,BERT,italien,9.841668602039464
18,CMPsg,6,BERT,italien,10.700274785458127
18,CMPsg,7,BERT,italien,22.8766931911769
18,CMPsg,8,BERT,italien,0.20591308874474779
18,CMPpl,1,BERT,italien,12.632913909750501
18,CMPpl,2,BERT,italien,15.195244946819836
18,CMPpl,3,BERT,italien,12.553001046764992
18,CMPpl,4,BERT,italien,0.031831568834366275
18,CMPpl,5,BERT,italien,9.819196972100372
18,CMPpl,6,BERT,italien,11.54024383970256
18,CMPpl,7,BERT,italien,22.562887500670545
18,CMPpl,8,BERT,italien,0.23578603733417847
18,ORCsg,1,BERT,italien,10.80843724930233
18,ORCsg,2,BERT,italien,14.965164271312235
18,ORCsg,3,BERT,italien,7.784665341561326
18,ORCsg,4,BERT,italien,0.7596322678567244
18,ORCsg,5,BERT,italien,8.857457096746998
18,ORCsg,6,BERT,italien,9.280782181157434
18,ORCsg,7,BERT,italien,15.404564711676334
18,ORCsg,8,BERT,italien,0.25084951055068627
18,ORCpl,1,BERT,italien,10.576117002180393
18,ORCpl,2,BERT,italien,17.22541660736261
18,ORCpl,3,BERT,italien,9.236813269713334
18,ORCpl,4,BERT,italien,0.48309712322241505
18,ORCpl,5,BERT,italien,7.911512263482176
18,ORCpl,6,BERT,italien,9.173625014997034
18,ORCpl,7,BERT,italien,15.311613398656682
18,ORCpl,8,BERT,italien,0.21985746134226203
19,CMPsg,1,BERT,italien,11.338408460686187
19,CMPsg,2,BERT,italien,11.957394941959995
19,CMPsg,3,BERT,italien,12.648975732480324
19,CMPsg,4,BERT,italien,0.0747753631026404
19,CMPsg,5,BERT,italien,12.049368997763507
19,CMPsg,6,BERT,italien,13.129764546604044
19,CMPsg,7,BERT,italien,9.240130707619038
19,CMPsg,8,BERT,italien,0.16436763010203784
19,CMPpl,1,BERT,italien,10.603706058123887
19,CMPpl,2,BERT,italien,12.038109037665452
19,CMPpl,3,BERT,italien,10.362354146758058
19,CMPpl,4,BERT,italien,0.0499292663240643
19,CMPpl,5,BERT,italien,11.564846718397384
19,CMPpl,6,BERT,italien,13.463555459470234
19,CMPpl,7,BERT,italien,8.63347687397694
19,CMPpl,8,BERT,italien,0.20126855607868044
19,ORCsg,1,BERT,italien,11.534610089863188
19,ORCsg,2,BERT,italien,14.55834564513052
19,ORCsg,3,BERT,italien,12.228938880472036
19,ORCsg,4,BERT,italien,0.7482954099829618
19,ORCsg,5,BERT,italien,10.203057539248643
19,ORCsg,6,BERT,italien,13.234627998870252
19,ORCsg,7,BERT,italien,12.149397178598152
19,ORCsg,8,BERT,italien,0.2860339795757323
19,ORCpl,1,BERT,italien,11.685154584805991
19,ORCpl,2,BERT,italien,13.632985651801508
19,ORCpl,3,BERT,italien,8.97289329969204
19,ORCpl,4,BERT,italien,0.6718193889460968
19,ORCpl,5,BERT,italien,8.843529255460426
19,ORCpl,6,BERT,italien,13.422313022990108
19,ORCpl,7,BERT,italien,10.97122181297725
19,ORCpl,8,BERT,italien,0.33088948677846164
20,CMPsg,1,BERT,italien,13.755977246366811
20,CMPsg,2,BERT,italien,13.151213183215516
20,CMPsg,3,BERT,italien,7.442871846699627
20,CMPsg,4,BERT,italien,0.09238927494589257
20,CMPsg,5,BERT,italien,11.941821605861303
20,CMPsg,6,BERT,italien,14.74888256946626
20,CMPsg,7,BERT,italien,22.13591466875006
20,CMPsg,8,BERT,italien,0.3926284815595946
20,CMPpl,1,BERT,italien,16.224731029699914
20,CMPpl,2,BERT,italien,13.694266363611462
20,CMPpl,3,BERT,italien,6.240628865067648
20,CMPpl,4,BERT,italien,0.08773586266850157
20,CMPpl,5,BERT,italien,10.6774482244702
20,CMPpl,6,BERT,italien,14.741536473096309
20,CMPpl,7,BERT,italien,22.435176818861407
20,CMPpl,8,BERT,italien,0.2612132619794038
20,ORCsg,1,BERT,italien,16.177179855065205
20,ORCsg,2,BERT,italien,8.663245844726937
20,ORCsg,3,BERT,italien,6.247640180546908
20,ORCsg,4,BERT,italien,0.1319186170348058
20,ORCsg,5,BERT,italien,9.638072017390442
20,ORCsg,6,BERT,italien,15.963026062666048
20,ORCsg,7,BERT,italien,21.25639483892131
20,ORCsg,8,BERT,italien,0.32539736930829305
20,ORCpl,1,BERT,italien,18.212041660164697
20,ORCpl,2,BERT,italien,12.983670485203357
20,ORCpl,3,BERT,italien,4.554438482183931
20,ORCpl,4,BERT,italien,1.5520289266606344
20,ORCpl,5,BERT,italien,5.638707820669932
20,ORCpl,6,BERT,italien,16.017051584713908
20,ORCpl,7,BERT,italien,21.22311190381754
20,ORCpl,8,BERT,italien,0.27391824418064203
21,CMPsg,1,BERT,italien,18.072962288567222
21,CMPsg,2,BERT,italien,7.257084637568143
21,CMPsg,3,BERT,italien,15.277380679380915
21,CMPsg,4,BERT,italien,0.10854871997211293
21,CMPsg,5,BERT,italien,6.43067826665542
21,CMPsg,6,BERT,italien,17.93779901219873
21,CMPsg,7,BERT,italien,9.15698019018181
21,CMPsg,8,BERT,italien,0.33937283935210266
21,CMPpl,1,BERT,italien,16.811063955586345
21,CMPpl,2,BERT,italien,6.971782639050408
21,CMPpl,3,BERT,italien,13.430765082022202
21,CMPpl,4,BERT,italien,0.08042185592209729
21,CMPpl,5,BERT,italien,7.482920809975334
21,CMPpl,6,BERT,italien,17.575170181990895
21,CMPpl,7,BERT,italien,9.415263387510143
21,CMPpl,8,BERT,italien,0.3274984750978737
21,ORCsg,1,BERT,italien,16.910258105680896
21,ORCsg,2,BERT,italien,3.779734605751985
21,ORCsg,3,BERT,italien,16.14460547401084
21,ORCsg,4,BERT,italien,0.1257675496224996
21,ORCsg,5,BERT,italien,7.9901133067108985
21,ORCsg,6,BERT,italien,16.15716064029892
21,ORCsg,7,BERT,italien,8.46112538400074
21,ORCsg,8,BERT,italien,0.2977500438458145
21,ORCpl,1,BERT,italien,15.3392636115186
21,ORCpl,2,BERT,italien,3.7013271205147573
21,ORCpl,3,BERT,italien,18.09166171602943
21,ORCpl,4,BERT,italien,0.08470522138503164
21,ORCpl,5,BERT,italien,8.190881908627201
21,ORCpl,6,BERT,italien,16.246000864224634
21,ORCpl,7,BERT,italien,8.18216399734029
21,ORCpl,8,BERT,italien,0.3309790451360359
22,CMPsg,1,BERT,italien,10.09771984462754
22,CMPsg,2,BERT,italien,11.897945329989337
22,CMPsg,3,BERT,italien,12.241408241357435
22,CMPsg,4,BERT,italien,0.04847888975345396
22,CMPsg,5,BERT,italien,8.713397541771114
22,CMPsg,6,BERT,italien,20.87477447676261
22,CMPsg,7,BERT,italien,19.991385191841715
22,CMPsg,8,BERT,italien,0.14414775093205695
22,CMPpl,1,BERT,italien,11.927691541709196
22,CMPpl,2,BERT,italien,12.888686956581479
22,CMPpl,3,BERT,italien,19.059528315610613
22,CMPpl,4,BERT,italien,0.04637784865054992
22,CMPpl,5,BERT,italien,7.242483127659996
22,CMPpl,6,BERT,italien,22.601760332269922
22,CMPpl,7,BERT,italien,19.719294352486976
22,CMPpl,8,BERT,italien,0.15249919580738971
22,ORCsg,1,BERT,italien,9.73258920355131
22,ORCsg,2,BERT,italien,8.934524040035319
22,ORCsg,3,BERT,italien,12.33989134918125
22,ORCsg,4,BERT,italien,0.08586043933480464
22,ORCsg,5,BERT,italien,11.657204925260203
22,ORCsg,6,BERT,italien,12.032420156553528
22,ORCsg,7,BERT,italien,23.075481315144224
22,ORCsg,8,BERT,italien,0.1490771406658934
22,ORCpl,1,BERT,italien,11.95320770594593
22,ORCpl,2,BERT,italien,7.829731227090341
22,ORCpl,3,BERT,italien,17.99148229967741
22,ORCpl,4,BERT,italien,0.05573190154978432
22,ORCpl,5,BERT,italien,9.617499717608247
22,ORCpl,6,BERT,italien,12.311436675542591
22,ORCpl,7,BERT,italien,23.621225055651678
22,ORCpl,8,BERT,italien,0.155971925949488
23,CMPsg,1,BERT,italien,12.033021213981137
23,CMPsg,2,BERT,italien,10.399842530573492
23,CMPsg,3,BERT,italien,5.520721515402571
23,CMPsg,4,BERT,italien,0.2404686517079186
23,CMPsg,5,BERT,italien,10.579680576295905
23,CMPsg,6,BERT,italien,10.698664992564245
23,CMPsg,7,BERT,italien,2.999638193874133
23,CMPsg,8,BERT,italien,0.09251249585290044
23,CMPpl,1,BERT,italien,15.973069349483554
23,CMPpl,2,BERT,italien,9.939283786096551
23,CMPpl,3,BERT,italien,6.52421784272698
23,CMPpl,4,BERT,italien,0.35545527347028977
23,CMPpl,5,BERT,italien,11.55934712210525
23,CMPpl,6,BERT,italien,10.251936064766099
23,CMPpl,7,BERT,italien,3.14001467683948
23,CMPpl,8,BERT,italien,0.08137911658487704
23,ORCsg,1,BERT,italien,13.393991569983385
23,ORCsg,2,BERT,italien,10.057949737937502
23,ORCsg,3,BERT,italien,1.9646847188800516
23,ORCsg,4,BERT,italien,0.43584097171077457
23,ORCsg,5,BERT,italien,12.26278608425815
23,ORCsg,6,BERT,italien,22.17417019428887
23,ORCsg,7,BERT,italien,3.8571262097832983
23,ORCsg,8,BERT,italien,0.08095365972655913
23,ORCpl,1,BERT,italien,17.298033883682923
23,ORCpl,2,BERT,italien,11.599392830820257
23,ORCpl,3,BERT,italien,5.330225327649974
23,ORCpl,4,BERT,italien,0.10730572353077787
23,ORCpl,5,BERT,italien,13.10008995725421
23,ORCpl,6,BERT,italien,21.41935452499425
23,ORCpl,7,BERT,italien,3.41603890042704
23,ORCpl,8,BERT,italien,0.04634898875308849
24,CMPsg,1,BERT,italien,15.442361834777543
24,CMPsg,2,BERT,italien,6.831342264530289
24,CMPsg,3,BERT,italien,9.850898555783395
24,CMPsg,4,BERT,italien,0.2019058816747112
24,CMPsg,5,BERT,italien,18.201610076165103
24,CMPsg,6,BERT,italien,10.68782636734859
24,CMPsg,7,BERT,italien,8.573723086575681
24,CMPsg,8,BERT,italien,0.19856851096449046
24,CMPpl,1,BERT,italien,15.233167732474362
24,CMPpl,2,BERT,italien,6.683109600656404
24,CMPpl,3,BERT,italien,13.488824765592838
24,CMPpl,4,BERT,italien,0.1548573300272152
24,CMPpl,5,BERT,italien,17.242322911698334
24,CMPpl,6,BERT,italien,10.450979892969736
24,CMPpl,7,BERT,italien,8.642318066242726
24,CMPpl,8,BERT,italien,0.16475334762515165
24,ORCsg,1,BERT,italien,16.608790374152328
24,ORCsg,2,BERT,italien,6.640428035129276
24,ORCsg,3,BERT,italien,8.80785199454487
24,ORCsg,4,BERT,italien,0.1561682522031305
24,ORCsg,5,BERT,italien,18.0783700475198
24,ORCsg,6,BERT,italien,14.265851168342245
24,ORCsg,7,BERT,italien,14.38977850697995
24,ORCsg,8,BERT,italien,0.1565077900796033
24,ORCpl,1,BERT,italien,16.40788438780005
24,ORCpl,2,BERT,italien,6.364306674786187
24,ORCpl,3,BERT,italien,12.203421859830103
24,ORCpl,4,BERT,italien,0.14477772802371305
24,ORCpl,5,BERT,italien,16.66705586091116
24,ORCpl,6,BERT,italien,13.707853504991068
24,ORCpl,7,BERT,italien,15.410748213854808
24,ORCpl,8,BERT,italien,0.13653094579437333
