L'enseignant s'est rendu compte que l'élève de première année étudiait pour le test avec beaucoup d'enthousiasme .;Le policier a découvert que le condamné au crâne rasé a introduit clandestinement une arme à feu dans la prison .;Le propriétaire du magasin s'est rendu compte que le serveur en veste blanche a placé une bougie près de la nappe .;Le comité a demandé que le banquier de la grande entreprise vende une hypothèque avec un crédit défectueux .;Le premier partenaire a dit que le marin en veste de pluie a tiré une corde de toutes ses forces. ;Le journal a déclaré que le footballeur de l'équipe rivale a marqué un but durant le championnat . ;Le mari a vu que la femme de ménage du nouveau service de nettoyage a cassé un vase dans le couloir .;L'administrateur a découvert que les étudiants qui étaient tous très diligents ont écrit sur la philosophie pour leur mémoire .;Ma mère s'est souvenue que le pompier qui a récemment commencé à travailler pour le département a sauvé son chat de l'immeuble en flammes .;Notre ami a dit que le client qui n'avait jamais possédé de véhicule auparavant a offert la nouvelle voiture à crédit .;Le mémoire a raconté que la joueuse de tennis qui espérait gagner le tournoi de la grande île pensait à son service avant le match .;Votre père a remarqué que l'auteur que les fans adoraient a signé un exemplaire de son livre après la lecture .;Le rapport a décrit que le gardien du zoo qui dormait au travail a perdu la trace d'un kangourou au zoo .;Le journaliste a déclaré que les citoyens qui se soucient de l'engagement civique ont parlé d'un nouveau projet de loi à la réunion de la mairie .;L'assistant s'est rendu compte que l'infirmière en uniforme blanc réconfortait le patient dans la salle d'attente .;Votre ami a dit que le bibliothécaire avec les lunettes en plastique épaisses a placé le livre sur la mauvaise étagère .;Le témoin s'est rendu compte que les avocats en costumes et cravates sombres ont déchiré les documents tard dans la nuit .;L'article disait que le chef qui était originaire de France préparait la soupe avant la ruée du dîner * L'article disait que le chef qui était originaire de France préparait avant la ruée du dîner .;La compagnie d'assurance a conclu que le chauffeur de taxi avec la casquette à carreaux a heurté le cerf pendant qu'il conduisait imprudemment .;Le directeur du musée s'est rendu compte que le cambrioleur qui s'est fait passer pour un visiteur a volé le tableau la nuit dernière .
* L'enseignant s'est rendu compte que l'élève de première année étudiait pour avec beaucoup d'enthousiasme .;* Le policier a découvert que le condamné au crâne rasé a introduit clandestinement dans la prison . ;* Le propriétaire du magasin s'est rendu compte que le serveur en veste blanche a placé près de la nappe .;* Le comité a demandé que le banquier de la grande entreprise vende avec un crédit défectueux . ;* Le premier partenaire a dit que le marin en veste de pluie a tiré de toutes ses forces .;* Le journal a déclaré que le footballeur de l'équipe rivale a marqué durant le championnat .;* Le mari a vu que la femme de ménage du nouveau service de nettoyage a cassé dans le couloir . ;* L'administrateur a découvert que les étudiants qui étaient tous très diligents ont écrit sur pour leur mémoire .;* Ma mère s'est souvenue que le pompier qui a récemment commencé à travailler pour le département a sauvé de l'immeuble en flammes . ;* Notre ami a dit que le client qui n'avait jamais possédé de véhicule auparavant a offert à crédit ;* Le mémoire a raconté que la joueuse de tennis qui espérait gagner le tournoi de la grande île pensait avant le match .;* Votre père a remarqué que l'auteur que les fans adoraient a signé après la lecture .;* Le rapport a décrit que le gardien du zoo qui dormait au travail a perdu la trace de au zoo .;* Le journaliste a déclaré que les citoyens qui se soucient de l'engagement civique ont parlé de à la réunion de la mairie . ;* L'assistant s'est rendu compte que l'infirmière en uniforme blanc réconfortait dans la salle d'attente . ;* Votre ami a dit que le bibliothécaire avec les lunettes en plastique épaisses a placé sur la mauvaise étagère . ;* Le témoin s'est rendu compte que les avocats en costumes et cravates sombres ont déchiré tard dans la nuit .;* L'article disait ce que le chef qui était originaire de France préparait la soupe avant la ruée du dîner . ;* La compagnie d'assurance a conclu que le chauffeur de taxi avec la casquette à carreaux a heurté pendant qu'il conduisait imprudemment . ;* Le directeur du musée s'est rendu compte que le cambrioleur qui s'est fait passer pour un visiteur a volé la nuit dernière . 
* L'enseignant s'est rendu compte ce que l'élève de première année étudiait pour le test avec beaucoup d'enthousiasme .;* Le policier a découvert ce que le condamné au crâne rasé a introduit clandestinement une arme à feu dans la prison .;* Le propriétaire du magasin s'est rendu compte ce que le serveur en veste blanche a placé une bougie près de la nappe .;* Le comité a demandé ce que le banquier de la grande entreprise vende une hypothèque avec un crédit défectueux .;* Le premier partenaire a dit ce que le marin en veste de pluie a tiré une corde de toutes ses forces . ;* Le journal a déclaré ce que le footballeur de l'équipe rivale a marqué un but durant le championnat .;* Le mari a vu ce que la femme de ménage du nouveau service de nettoyage a cassé un vase dans le couloir .;* L'administrateur a découvert ce que les étudiants qui étaient tous très diligents ont écrit sur la philosophie pour leur mémoire .;* Ma mère s'est souvenue ce que le pompier qui a récemment commencé à travailler pour le département a sauvé son chat de l'immeuble en flammes .;* Notre ami a dit ce que le client qui n'avait jamais possédé de véhicule auparavant a offert la nouvelle voiture à crédit .;* Le mémoire a raconté ce que la joueuse de tennis qui espérait gagner le tournoi de la grande île pensait à son service avant le match .;* Votre père a remarqué ce que l'auteur que les fans adoraient a signé un exemplaire de son livre après la lecture . ;* Le rapport a décrit ce que le gardien du zoo qui dormait au travail a perdu la trace d'un kangourou au zoo . ;* Le journaliste a déclaré ce que les citoyens qui se soucient de l'engagement civique ont parlé d'un nouveau projet de loi à la réunion de la mairie .;* L'assistant s'est rendu compte ce que l'infirmière en uniforme blanc réconfortait le patient dans la salle d'attente .;* Votre ami a dit ce que le bibliothécaire avec les lunettes en plastique épaisses a placé le livre sur la mauvaise étagère .;* Le témoin s'est rendu compte ce que les avocats en costumes et cravates sombres ont déchiré les documents tard dans la nuit .;L'article disait ce que le chef qui était originaire de France préparait avant la ruée du dîner . L'article disait que le serveur mettait la table pendant que le chef préparait la soupe avant la ruée du dîner .;* La compagnie d'assurance a conclu ce que le chauffeur de taxi avec la casquette à carreaux a heurté le cerf pendant qu'il conduisait imprudemment .;* Le directeur du musée s'est rendu compte ce que le cambrioleur qui s'est fait passer pour un visiteur a volé le tableau la nuit dernière .
L'enseignant s'est rendu compte ce que l'élève de première année étudiait avec beaucoup d'enthousiasme .;Le policier a découvert ce que le condamné au crâne rasé a introduit clandestinement dans la prison . ;Le propriétaire du magasin s'est rendu compte ce que le serveur en veste blanche a placé près de la nappe .;Le comité a demandé ce que le banquier de la grande entreprise vende avec un crédit défectueux ;Le premier partenaire a dit ce que le marin en veste de pluie a tiré de toutes ses forces .;Le journal a déclaré ce que le footballeur de l'équipe rivale a marqué durant le championnat .;Le mari a vu ce que la femme de ménage du nouveau service de nettoyage a cassé dans le couloir . ;L'administrateur a découvert ce que les étudiants qui étaient tous très diligents ont écrit sur pour leur mémoire .;Ma mère s'est souvenue ce que le pompier qui a récemment commencé à travailler pour le département a sauvé de l'immeuble en flammes . ;Notre ami a dit ce que le client qui n'avait jamais possédé de véhicule auparavant a offert à crédit .;Le mémoire a raconté ce que la joueuse de tennis qui espérait gagner le tournoi de la grande île pensait à avant le match .;Votre père a remarqué ce que l'auteur que les fans adoraient a signé après la lecture .;Le rapport a décrit ce que le gardien du zoo qui dormait au travail a perdu la trace de au zoo . ;Le journaliste a déclaré ce que les citoyens qui se soucient de l'engagement civique ont parlé de à la réunion de la mairie. ;L'assistant s'est rendu compte ce que l'infirmière en uniforme blanc réconfortait dans la salle d'attente . ;Votre ami a dit ce que le bibliothécaire avec les lunettes en plastique épaisses a placé sur la mauvaise étagère . ;Le témoin s'est rendu compte ce que les avocats en costumes et cravates sombres ont déchiré tard dans la nuit .;* L'article disait que le serveur mettait la table pendant que le chef préparait avant la ruée du dîner ;La compagnie d'assurance a conclu ce que le chauffeur de taxi avec la casquette à carreaux a heurté pendant qu'il conduisait imprudemment . ;Le directeur du musée s'est rendu compte ce que le cambrioleur qui s'est fait passer pour un visiteur a volé la nuit dernière . 
L'enseignant s'est rendu compte que la tempête s'est déroulée pendant que l'élève étudiait pour le test avec beaucoup d'enthousiasme .;Le policier a découvert que l'émeute a éclaté après que le condamné a introduit clandestinement une arme à feu dans la prison .;Le propriétaire du magasin s'est rendu compte que le feu a commencé après que le serveur a placé une bougie près de la nappe .;Le comité a demandé que le règlement entre en vigueur avant que le banquier ne vende une hypothèque avec un crédit défectueux.;Le premier partenaire a dit que le capitaine serrait la roue pendant que le marin tirait une corde de toutes ses forces .;Le journal a déclaré que les fans se sont révoltés après que le footballeur a marqué un but durant le championnat . ;Le mari a vu que la femme s'est coupé le pied après que la femme de ménage a cassé un vase dans le couloir .;L'administrateur a découvert que le professeur était impressionné après que les étudiants ont écrit sur la philosophie pour leur mémoire .;Ma mère s'est souvenue que cette dame a failli avoir une crise cardiaque après que le pompier a sauvé son chat de l'immeuble en flammes .;Notre ami a dit que le vendeur avait fait un calcul rapide avant que le client offre la nouvelle voiture à crédit .;Le mémoire a raconté que l'entraîneur a pris un verre d'eau pendant que la joueuse de tennis pensait à son service avant le match .;Votre père a remarqué que les reporters prenaient des photos pendant que l'auteur signait un exemplaire de son livre après la lecture .;Le rapport a décrit que la police a réagi rapidement après que le gardien du zoo a perdu la trace d'un kangourou au zoo .;Le journaliste a déclaré que le maire fumait un cigare pendant que les citoyens parlaient d'un nouveau projet de loi à la réunion de la mairie .;L'assistant s'est rendu compte que le médecin faisait une sieste pendant que l'infirmière réconfortait le patient dans la salle d'attente .;Votre ami a dit que le patron s'est fâché après que le bibliothécaire a placé le livre sur la mauvaise étagère .;Le témoin s'est rendu compte que les stagiaires faisaient du café pendant que les avocats déchiraient les documents tard dans la nuit .;* L'article disait ce que le serveur mettait la table pendant que le chef préparait la soupe avant la ruée du dîner .;La compagnie d'assurance a conclu que le camionneur a dévié après que le chauffeur de taxi a heurté le cerf pendant qu'il conduisait imprudemment .;Le directeur du musée s'est rendu compte que le gardien de sécurité somnolait pendant que le cambrioleur volait le tableau la nuit dernière .
* L'enseignant s'est rendu compte que la tempête s'est déroulée pendant que l'élève étudiait pour avec beaucoup d'enthousiasme .;* Le policier a découvert que l'émeute a éclaté après que le condamné a introduit clandestinement dans la prison . ;* Le propriétaire du magasin s'est rendu compte que le feu a commencé après que le serveur a placé près de la nappe .;* Le comité a demandé que le règlement entre en vigueur avant que le banquier ne vende avec un crédit défectueux.;* Le premier partenaire a dit que le capitaine serrait la roue pendant que le marin tirait de toutes ses forces .;* Le journal a déclaré que les fans se sont révoltés après que le footballeur a marqué durant le championnat .;* Le mari a vu que la femme s'est coupé le pied après que la femme de ménage a cassé dans le couloir . ;* L'administrateur a découvert que le professeur était impressionné après que les étudiants ont écrit sur pour leur mémoire .;* Ma mère s'est souvenue que cette dame a failli avoir une crise cardiaque après que le pompier a sauvé de l'immeuble en flammes. ;* Notre ami a dit que le vendeur avait fait un calcul rapide avant que le client offre à crédit .;* Le mémoire a raconté que l'entraîneur a pris un verre d'eau pendant que la joueuse de tennis pensait à avant le match .;* Votre père a remarqué que les reporters prenaient des photos pendant que l'auteur signait après la lecture .;* Le rapport a décrit que la police a réagi rapidement après que le gardien du zoo a perdu la trace de au zoo .;* Le journaliste a déclaré que le maire fumait un cigare pendant que les citoyens parlaient de à la réunion de la mairie . ;* L'assistant s'est rendu compte que le médecin faisait une sieste pendant que l'infirmière réconfortait dans la salle d'attente . ;* Votre ami a dit que le patron s'est fâché après que le bibliothécaire a placé sur la mauvaise étagère .;* Le témoin s'est rendu compte que les stagiaires faisaient du café pendant que les avocats déchiraient tard dans la nuit .;* L'article disait ce que le serveur mettait la table pendant que le chef préparait avant la ruée du dîner . ;* La compagnie d'assurance a conclu que le camionneur a dévié après que le chauffeur de taxi a heurté pendant qu'il conduisait imprudemment . ;* Le directeur du musée s'est rendu compte que le gardien de sécurité somnolait pendant que le cambrioleur volait la nuit dernière . 
* L'enseignant s'est rendu compte ce que la tempête s'est déroulée pendant que l'élève étudiait pour le test avec beaucoup d'enthousiasme .;* Le policier a découvert ce que l'émeute a éclaté après que le condamné a introduit clandestinement une arme à feu dans la prison . ;* Le propriétaire du magasin s'est rendu compte ce que le feu a commencé après que le serveur a placé une bougie près de la nappe .;* Le comité a demandé ce que le règlement entre en vigueur avant que le banquier ne vende une hypothèque avec un crédit défectueux.;* Le premier partenaire a dit ce que le capitaine serrait la roue pendant que le marin tirait une corde de toutes ses forces .;* Le journal a déclaré ce que les fans se sont révoltés après que le footballeur a marqué un but durant le championnat . ;* Le mari a vu ce que la femme s'est coupé le pied après que la femme de ménage a cassé un vase dans le couloir .;* L'administrateur a découvert ce que le professeur était impressionné après que les étudiants ont écrit sur la philosophie pour leur mémoire .;* Ma mère s'est souvenue ce que cette dame a failli avoir une crise cardiaque après que le pompier a sauvé son chat de l'immeuble en flammes . ;* Notre ami a dit ce que le vendeur avait fait un calcul rapide avant que le client offre la nouvelle voiture à crédit .;* Le mémoire a raconté ce que l'entraîneur a pris un verre d'eau pendant que la joueuse de tennis pensait à son service avant le match .;* Votre père a remarqué ce que les reporters prenaient des photos pendant que l'auteur signait un exemplaire de son livre après la lecture .;* Le rapport a décrit ce que la police a réagi rapidement après que le gardien du zoo a perdu la trace d'un kangourou au zoo .;* Le journaliste a déclaré ce que le maire fumait un cigare pendant que les citoyens parlaient d'un nouveau projet de loi à la réunion de la mairie .;* L'assistant s'est rendu compte ce que le médecin faisait une sieste pendant que l'infirmière réconfortait le patient dans la salle d'attente .;* Votre ami a dit ce que le patron s'est fâché après que le bibliothécaire a placé le livre sur la mauvaise étagère .;* Le témoin s'est rendu compte ce que les stagiaires faisaient du café pendant que les avocats déchiraient les documents tard dans la nuit .;L'article disait que pendant que le chef préparait la soupe avant la ruée du dîner le serveur mettait la table .;* La compagnie d'assurance a conclu ce que le camionneur a dévié après que le chauffeur de taxi a heurté le cerf pendant qu'il conduisait imprudemment .;* Le directeur du musée s'est rendu compte ce que le gardien de sécurité somnolait pendant que le cambrioleur volait le tableau la nuit dernière .
* L'enseignant s'est rendu compte ce que la tempête s'est déroulée pendant que l'élève étudiait pour avec beaucoup d'enthousiasme .;* Le policier a découvert ce que l'émeute a éclaté après que le condamné a introduit clandestinement dans la prison .;* Le propriétaire du magasin s'est rendu compte ce que le feu a commencé après que le serveur a placé près de la nappe .;* Le comité a demandé ce que le règlement entre en vigueur avant que le banquier ne vende avec un crédit défectueux.;* Le premier partenaire a dit ce que le capitaine serrait la roue pendant que le marin tirait de toutes ses forces .;* Le journal a déclaré ce que les fans se sont révoltés après que le footballeur a marqué durant le championnat .;* Le mari a vu ce que la femme s'est coupé le pied après que la femme de ménage a cassé dans le couloir .;* L'administrateur a découvert ce que le professeur était impressionné après que les étudiants ont écrit sur pour leur mémoire .;* Ma mère s'est souvenue ce que cette dame a failli avoir une crise cardiaque après que le pompier a sauvé de l'immeuble en flammes .;* Notre ami a dit ce que le vendeur avait fait un calcul rapide avant que le client offre à crédit . ;* Le mémoire a raconté ce que l'entraîneur a pris un verre d'eau pendant que la joueuse de tennis pensait à avant le match .;* Votre père a remarqué ce que les reporters prenaient des photos pendant que l'auteur signait livre après la lecture .;* Le rapport a décrit ce que la police a réagi rapidement après que le gardien du zoo a perdu la trace au zoo .;* Le journaliste a déclaré ce que le maire fumait un cigare pendant que les citoyens parlaient de à la réunion de la mairie .;* L'assistant s'est rendu compte ce que le médecin faisait une sieste pendant que l'infirmière réconfortait dans la salle d'attente . ;* Votre ami a dit ce que le patron s'est fâché après que le bibliothécaire a placé sur la mauvaise étagère .;* Le témoin s'est rendu compte ce que les stagiaires faisaient du café pendant que les avocats déchiraient tard dans la nuit .;* L'article disait que pendant que le chef préparait avant la ruée du dîner le serveur mettait la table .;* La compagnie d'assurance a conclu ce que le camionneur a dévié après que le chauffeur de taxi a heurté pendant qu'il conduisait imprudemment . ;* Le directeur du musée s'est rendu compte ce que le gardien de sécurité somnolait pendant que le cambrioleur volait la nuit dernière . 
L'enseignant s'est rendu compte que pendant que l'élève étudiait pour le test avec beaucoup d'enthousiasme la tempête s'est déroulée .;Le policier a découvert qu'après que le condamné a introduit clandestinement une arme à feu dans la prison l'émeute a éclaté .;Le propriétaire du magasin s'est rendu compte qu'après que le serveur a placé une bougie près de la nappe le feu a commencé .;Le comité a demandé qu'avant que le banquier ne vende une hypothèque avec un crédit défectueux le règlement entre en vigueur.;Le premier partenaire a dit que pendant que le marin tirait une corde de toutes ses forces le capitaine serrait la roue .;Le journal a déclaré qu'après que le footballeur a marqué un but durant le championnat les fans se sont révoltés . ;Le mari a vu qu'après que la femme de ménage a cassé un vase dans le couloir la femme s'est coupé le pied .;L'administrateur a découvert qu'après que les étudiants ont écrit sur la philosophie pour leur mémoire le professeur était impressionné .;Ma mère s'est souvenue qu'après que le pompier a sauvé son chat de l'immeuble en flammes la dame a failli avoir une crise cardiaque.;Notre ami a dit qu'avant que le client offre la nouvelle voiture à crédit le vendeur avait fait un calcul rapide .;Le mémoire a raconté que pendant que la joueuse de tennis pensait à son service avant le match l'entraîneur a pris un verre d'eau .;Votre père a remarqué que pendant que l'auteur signait un exemplaire de son livre après la lecture les reporters prenaient des photos .;Le rapport a décrit qu'après que le gardien du zoo a perdu la trace d'un kangourou au zoo la police a réagi rapidement .;Le journaliste a déclaré que pendant que les citoyens parlaient d'un nouveau projet de loi à la réunion de la mairie le maire fumait un cigare .;L'assistant s'est rendu compte que pendant que l'infirmière réconfortait le patient dans la salle d'attente le médecin faisait une sieste .;Votre ami a dit qu'après que le bibliothécaire a placé le livre sur la mauvaise étagère le patron s'est fâché.;Le témoin s'est rendu compte que pendant que les avocats déchiraient les documents tard dans la nuit les stagiaires faisaient du café .;* L'article disait que pendant que le chef préparait la soupe avant la ruée du dîner le serveur mettait la table .;La compagnie d'assurance a conclu qu'après que le chauffeur de taxi a heurté le cerf pendant qu'il conduisait imprudemment le camionneur a dévié .;Le directeur du musée s'est rendu compte que pendant que le cambrioleur volait le tableau la nuit dernière le gardien de sécurité somnolait .
* L'enseignant s'est rendu compte que pendant que l'élève étudiait pour avec beaucoup d'enthousiasme la tempête s'est déroulée .;* Le policier a découvert qu'après que le condamné a introduit clandestinement dans la prison l'émeute a éclaté .;* Le propriétaire du magasin s'est rendu compte qu'après que le serveur a placé près de la nappe le feu a commencé .;* Le comité a demandé qu'avant que le banquier ne vende avec un crédit défectueux le règlement entre en vigueur.;* Le premier partenaire a dit que pendant que le marin tirait de toutes ses forces le capitaine serrait la roue .;* Le journal a déclaré qu'après que le footballeur a marqué durant le championnat les fans se sont révoltés .;* Le mari a vu qu'après que la femme de ménage a cassé dans le couloir la femme s'est coupé le pied .;* L'administrateur a découvert qu'après que les étudiants ont écrit sur pour leur mémoire le professeur était impressionné .;* Ma mère s'est souvenue qu'après que le pompier a sauvé de l'immeuble en flammes la dame a failli avoir une crise cardiaque .;* Notre ami a dit qu'avant que le client offre à crédit le vendeur avait fait un calcul rapide .;* Le mémoire a raconté que pendant que la joueuse de tennis pensait à avant le match l'entraîneur a pris un verre d'eau .;* Votre père a remarqué que pendant que l'auteur signait après la lecture les reporters prenaient des photos .;* Le rapport a décrit qu'après que le gardien du zoo a perdu la trace de au zoo la police a réagi rapidement .;* Le journaliste a déclaré que pendant que les citoyens parlaient de à la réunion de la mairie le maire fumait un cigare .;* L'assistant s'est rendu compte que pendant que l'infirmière réconfortait dans la salle d'attente le médecin faisait une sieste .;* Votre ami a dit qu'après que le bibliothécaire a placé sur la mauvaise étagère le patron s'est fâché.;* Le témoin s'est rendu compte que pendant que les avocats déchiraient tard dans la nuit les stagiaires faisaient du café .;* L'article disait que pendant que le chef préparait avant la ruée du dîner le serveur mettait la table . ;* La compagnie d'assurance a conclu qu'après que le chauffeur de taxi a heurté en conduisant imprudemment le camionneur a dévié . ;* Le directeur du musée s'est rendu compte que pendant que le cambrioleur volait la nuit dernière le gardien de sécurité somnolait . 
* L'enseignant s'est rendu compte ce que pendant que l'élève étudiait pour le test avec beaucoup d'enthousiasme la tempête s'est déroulée .;* Le policier a découvert ce qu'après que le condamné a introduit clandestinement une arme à feu dans la prison l'émeute a éclaté .;* Le propriétaire du magasin s'est rendu compte ce qu'après que le serveur a placé une bougie près de la nappe le feu a commencé .;* Le comité a demandé ce qu'avant que le banquier ne vende une hypothèque avec un crédit défectueux le règlement entre en vigueur .;* Le premier partenaire a dit ce que pendant que le marin tirait une corde de toutes ses forces le capitaine serrait la roue .;* Le journal a déclaré ce qu'après que le footballeur a marqué un but durant le championnat les fans se sont révoltés .;* Le mari a vu ce qu'après que la femme de ménage a cassé un vase dans le couloir la femme s'est coupé le pied . ;* L'administrateur a découvert ce qu'après que les étudiants ont écrit sur la philosophie pour leur mémoire le professeur était impressionné .;* Ma mère s'est souvenue ce qu'après que le pompier a sauvé son chat de l'immeuble en flammes la dame a failli avoir une crise cardiaque .;* Notre ami a dit ce qu'avant que le client offre la nouvelle voiture à crédit le vendeur avait fait un calcul rapide .;* Le mémoire a raconté ce que pendant que la joueuse de tennis pensait à son service avant le match l'entraîneur a pris un verre d'eau .;* Votre père a remarqué ce que pendant que l'auteur signait un exemplaire de son livre après la lecture les reporters prenaient des photos .;* Le rapport a décrit ce qu'après que le gardien du zoo a perdu la trace d'un kangourou au zoo la police a réagi rapidement .;* Le journaliste a déclaré ce que pendant que les citoyens parlaient d'un nouveau projet de loi à la réunion de la mairie le maire fumait un cigare .;* L'assistant s'est rendu compte ce que pendant que l'infirmière réconfortait le patient dans la salle d'attente le médecin faisait une sieste .;* Votre ami a dit ce qu'après que le bibliothécaire a placé le livre sur la mauvaise étagère le patron s'est fâché.;* Le témoin s'est rendu compte ce que pendant que les avocats déchiraient les documents tard dans la nuit les stagiaires faisaient du café .;* L'article disait ce que pendant que le chef préparait la soupe avant la ruée du dîner le serveur mettait la table .;* La compagnie d'assurance a conclu ce qu'après que le chauffeur de taxi a heurté le cerf pendant qu'il conduisait imprudemment le camionneur a dévié .;* Le directeur du musée s'est rendu compte ce que pendant que le cambrioleur volait le tableau la nuit dernière le gardien de sécurité somnolait .
* L'enseignant s'est rendu compte ce que pendant que l'élève étudiait pour avec beaucoup d'enthousiasme la tempête s'est déroulée . ;* Le policier a découvert ce qu'après que le condamné a introduit clandestinement dans la prison l'émeute a éclaté . ;* Le propriétaire du magasin s'est rendu compte ce qu'après que le serveur a placé près de la nappe le feu a commencé . ;* Le comité a demandé ce qu'avant que le banquier ne vende avec un crédit défectueux le règlement entre en vigueur . ;* Le premier partenaire a dit ce que pendant que le marin tirait de toutes ses forces le capitaine serrait la roue . ;* Le journal a déclaré ce qu'après que le footballeur a marqué durant le championnat les fans se sont révoltés . ;* Le mari a vu ce qu'après que la femme de ménage a cassé dans le couloir la femme s'est coupé le pied . ;* L'administrateur a découvert ce qu'après que les étudiants ont écrit sur pour leur mémoire le professeur était impressionné . ;* Ma mère s'est souvenue ce qu'après que le pompier a sauvé de l'immeuble en flammes la dame a failli avoir une crise cardiaque . ;* Notre ami a dit ce qu'avant que le client offre à crédit le vendeur avait fait un calcul rapide . ;* Le mémoire a raconté ce que pendant que la joueuse de tennis pensait à avant le match l'entraîneur a pris un verre d'eau . ;* Votre père a remarqué ce que pendant que l'auteur signait après la lecture les reporters prenaient des photos . ;* Le rapport a décrit ce qu'après que le gardien du zoo a perdu la trace de au zoo la police a réagi rapidement . ;* Le journaliste a déclaré ce que pendant que les citoyens parlaient de à la réunion de la mairie le maire fumait un cigare ;* L'assistant s'est rendu compte ce que pendant que l'infirmière réconfortait dans la salle d'attente le médecin faisait une sieste . ;* Votre ami a dit ce qu'après que le bibliothécaire a placé sur la mauvaise étagère le patron s'est fâché. ;* Le témoin s'est rendu compte ce que pendant que les avocats déchiraient tard dans la nuit les stagiaires faisaient du café . ;* L'article disait ce que pendant que le chef préparait avant la ruée du dîner le serveur mettait la table . ;* La compagnie d'assurance a conclu ce qu'après que le chauffeur de taxi a heurté pendant qu'il conduisait imprudemment le camionneur a dévié . ;* Le directeur du musée s'est rendu compte ce que pendant que le cambrioleur volait la nuit dernière le gardien de sécurité somnolait . 
;;;;;;;;;;;;;;;;;;;
;;;;;;;;;;;;;;;;;;;
;;;;;;;;;;;;;;;;;;;
;;;;;;;;;;;;;;;;;;;
;;;;;;;;;;;;;;;;;;;
;;;;;;;;;;;;;;;;;;;
;;;;;;;;;;;;;;;;;;;
;;;;;;;;;;;;;;;;;;;
;;;;;;;;;;;;;;;;;;;
;;;;;;;;;;;;;;;;;;;
;;;;;;;;;;;;;;;;;;;
;;;;;;;;;;;;;;;;;;;
;;;;;;;;;;;;;;;;;;;
;;;;;;;;;;;;;;;;;;;
;;;;;;;;;;;;;;;;;;;
;;;;;;;;;;;;;;;;;;;
;;;;;;;;;;;;;;;;;;;
;;;;;;;;;;;;;;;;;;;
;;;;;;;;;;;;;;;;;;;
;;;;;;;;;;;;;;;;;;;
;;;;;;;;;;;;;;;;;;;
;;;;;;;;;;;;;;;;;;;
;;;;;;;;;;;;;;;;;;;
;;;;;;;;;;;;;;;;;;;
;;;;;;;;;;;;;;;;;;;
;;;;;;;;;;;;;;;;;;;
;;;;;;;;;;;;;;;;;;;
;;;;;;;;;;;;;;;;;;;
;;;;;;;;;;;;;;;;;;;
;;;;;;;;;;;;;;;;;;;
;;;;;;;;;;;;;;;;;;;
;;;;;;;;;;;;;;;;;;;
;;;;;;;;;;;;;;;;;;;
;;;;;;;;;;;;;;;;;;;
;;;;;;;;;;;;;;;;;;;
;;;;;;;;;;;;;;;;;;;
;;;;;;;;;;;;;;;;;;;
;;;;;;;;;;;;;;;;;;;
;;;;;;;;;;;;;;;;;;;
;;;;;;;;;;;;;;;;;;;
;;;;;;;;;;;;;;;;;;;
;;;;;;;;;;;;;;;;;;;
;;;;;;;;;;;;;;;;;;;
;;;;;;;;;;;;;;;;;;;
;;;;;;;;;;;;;;;;;;;
;;;;;;;;;;;;;;;;;;;
;;;;;;;;;;;;;;;;;;;
;;;;;;;;;;;;;;;;;;;
;;;;;;;;;;;;;;;;;;;
;;;;;;;;;;;;;;;;;;;
;;;;;;;;;;;;;;;;;;;
;;;;;;;;;;;;;;;;;;;
;;;;;;;;;;;;;;;;;;;
;;;;;;;;;;;;;;;;;;;
;;;;;;;;;;;;;;;;;;;
;;;;;;;;;;;;;;;;;;;
;;;;;;;;;;;;;;;;;;;
;;;;;;;;;;;;;;;;;;;
;;;;;;;;;;;;;;;;;;;
;;;;;;;;;;;;;;;;;;;
185;;;;;;;;;;;;;;;;;;;